<?xml version="1.0" encoding="UTF-8"?>
<project-private xmlns="http://www.netbeans.org/ns/project-private/1">
    <editor-bookmarks xmlns="http://www.netbeans.org/ns/editor-bookmarks/2" lastBookmarkId="0"/>
    <open-files xmlns="http://www.netbeans.org/ns/projectui-open-files/2">
        <group>
            <file>file:/C:/Users/isa_b/OneDrive/Documentos/NetBeansProjects/Atvfinalbd/src/atvfinalbd/Pp__reserva_instrumento.java</file>
            <file>file:/C:/Users/isa_b/OneDrive/Documentos/NetBeansProjects/Atvfinalbd/src/atvfinalbd/Ll__reserva_livro.java</file>
            <file>file:/C:/Users/isa_b/OneDrive/Documentos/NetBeansProjects/Atvfinalbd/src/atvfinalbd/I__cadastro_instrumentos.java</file>
            <file>file:/C:/Users/isa_b/OneDrive/Documentos/NetBeansProjects/Atvfinalbd/src/atvfinalbd/G__cadastro_jogos.java</file>
            <file>file:/C:/Users/isa_b/OneDrive/Documentos/NetBeansProjects/Atvfinalbd/src/atvfinalbd/Oo__reserva_filmes.java</file>
            <file>file:/C:/Users/isa_b/OneDrive/Documentos/NetBeansProjects/Atvfinalbd/src/atvfinalbd/AA__DataInserter.java</file>
            <file>file:/C:/Users/isa_b/OneDrive/Documentos/NetBeansProjects/Atvfinalbd/src/atvfinalbd/AA__ConexaoBD.java</file>
            <file>file:/C:/Users/isa_b/OneDrive/Documentos/NetBeansProjects/Atvfinalbd/src/atvfinalbd/Mm__reserva_sala.java</file>
            <file>file:/C:/Users/isa_b/OneDrive/Documentos/NetBeansProjects/Atvfinalbd/src/atvfinalbd/Nn__reserva_jogo.java</file>
            <file>file:/C:/Users/isa_b/OneDrive/Documentos/NetBeansProjects/Atvfinalbd/src/atvfinalbd/H__cadastro_filmes.java</file>
            <file>file:/C:/Users/isa_b/OneDrive/Documentos/NetBeansProjects/Atvfinalbd/src/atvfinalbd/F__cadastro_sala.java</file>
            <file>file:/C:/Users/isa_b/OneDrive/Documentos/NetBeansProjects/Atvfinalbd/src/atvfinalbd/E__cadastro_livro.java</file>
            <file>file:/C:/Users/isa_b/OneDrive/Documentos/NetBeansProjects/Atvfinalbd/src/atvfinalbd/D__cadastro.java</file>
            <file>file:/C:/Users/isa_b/OneDrive/Documentos/NetBeansProjects/Atvfinalbd/src/atvfinalbd/Kk__reserva.java</file>
            <file>file:/C:/Users/isa_b/OneDrive/Documentos/NetBeansProjects/Atvfinalbd/src/atvfinalbd/A__Atvfinalbd.java</file>
            <file>file:/C:/Users/isa_b/OneDrive/Documentos/NetBeansProjects/Atvfinalbd/src/atvfinalbd/B__Login.java</file>
            <file>file:/C:/Users/isa_b/OneDrive/Documentos/NetBeansProjects/Atvfinalbd/src/atvfinalbd/C__cadastro_reserva.java</file>
            <file>file:/C:/Users/isa_b/OneDrive/Documentos/NetBeansProjects/Atvfinalbd/src/atvfinalbd/J__cadastro_cliente.java</file>
        </group>
    </open-files>
</project-private>
